patient_id,bowel_healthy,bowel_injury,extravasation_healthy,extravasation_injury,kidney_healthy,kidney_low,kidney_high,liver_healthy,liver_low,liver_high,spleen_healthy,spleen_low,spleen_high
263.0,0.9378002397716045,0.06219976022839546,0.6841713190078735,0.31582868099212646,0.9377497,0.05896339,0.003286895,0.89210254,0.10620881,0.0016886634,0.94915026,0.049912862,0.0009369179
403.0,0.9545755833387375,0.04542441666126251,0.7424330413341522,0.2575669586658478,0.9826842,0.016780356,0.0005354863,0.98665583,0.01307354,0.00027064068,0.9913498,0.008397829,0.00025230212
581.0,0.969506673514843,0.030493326485157013,0.6846986413002014,0.3153013586997986,0.94651824,0.048065044,0.0054166904,0.5007857,0.41143242,0.08778188,0.9910913,0.008145282,0.00076340477
697.0,0.9346522390842438,0.06534776091575623,0.698650449514389,0.30134955048561096,0.8918513,0.094715014,0.013433715,0.94932795,0.049796224,0.00087578077,0.38581783,0.3549853,0.2591969
706.0,0.9628936387598515,0.037106361240148544,0.7498318254947662,0.25016817450523376,0.9392658,0.05433858,0.0063956706,0.65000504,0.3112672,0.03872771,0.98138255,0.017999234,0.00061817537
766.0,0.9641295149922371,0.03587048500776291,0.7138428688049316,0.28615713119506836,0.97526306,0.02426049,0.00047638183,0.8392121,0.15622713,0.0045608417,0.8351937,0.15764242,0.007163841
